<?xml version="1.0" encoding="UTF-8"?>
<!DOCTYPE struts PUBLIC
    "-//Apache Software Foundation//DTD Struts Configuration 2.0//EN"
    "http://struts.apache.org/dtds/struts-2.0.dtd">

<struts>
	<package name="Struts2HttpSession" extends="struts-default">
		
		<action name="login" class="net.codejava.struts.AuthenticationAction"
				method="login">
			<result name="success">/WEB-INF/jsp/Welcome.jsp</result>
			<result name="input">/WEB-INF/jsp/Login.jsp</result>
		</action>

		<action name="logout" class="net.codejava.struts.AuthenticationAction"
				method="logout">
			<result name="success">/WEB-INF/jsp/Login.jsp</result>
		</action>
		
	</package>
</struts>